id,kind,date,title,url,categories,words,seo_title_len,desc_len,missing_desc,noindex,thin(<300)
89081,post,2025-10-27,Soalan Bahasa Melayu Tahun 4: Pemahaman dan Karangan,https://kitamen.my/2025/10/27/soalan-bahasa-melayu-tahun-4-pemahaman-dan-karangan/,Education &amp; Youth,670,84,0,YES,,
89076,post,2025-10-22,Malaysia Esports Calendar 2025 – Full Tournament Schedule,https://kitamen.my/2025/10/22/malaysia-esports-calendar-2025-full-tournament-schedule/,Event Management; Industry Insights,446,89,0,YES,,
89045,post,2025-10-22,Sponsor Playbook Malaysia 2025 — How to Buy Esports Safely,https://kitamen.my/2025/10/22/sponsor-playbook-malaysia-2025-how-to-buy-esports-safely/,Government &amp; Institution; Industry Insights,389,90,0,YES,,
89042,post,2025-10-22,Soalan Sains Tahun 5: Topik Tenaga dan Alam Sekitar (KSSR Semakan 2025),https://kitamen.my/2025/10/22/soalan-sains-tahun-5-topik-tenaga-dan-alam-sekitar-kssr-semakan-2025/,Education &amp; Youth,666,103,0,YES,,
89034,post,2025-10-22,Contoh Soalan Matematik Tahun 6 (KSSR Semakan 2025),https://kitamen.my/2025/10/22/contoh-soalan-matematik-tahun-6-kssr-semakan-2025/,Education &amp; Youth; Tech &amp; Innovation,637,83,0,YES,,
89030,post,2025-10-22,Bank Soalan AI Malaysia 2025: Latihan Peperiksaan Digital Untuk Semua Murid,https://kitamen.my/2025/10/22/bank-soalan-ai-malaysia-2025-latihan-peperiksaan-digital-untuk-semua-murid/,Community FAQs; Tech &amp; Innovation,741,107,0,YES,,
89026,post,2025-10-22,Sekolah Tanpa Kertas: Transformasi Digital Dengan Edventure+,https://kitamen.my/2025/10/22/sekolah-tanpa-kertas-transformasi-digital-dengan-edventure/,Tech &amp; Innovation,700,92,0,YES,,
89022,post,2025-10-22,Bagaimana Guru Gunakan Edventure+ Dalam Bilik Darjah Digital,https://kitamen.my/2025/10/22/bagaimana-guru-gunakan-edventure-dalam-bilik-darjah-digital/,Tech &amp; Innovation,663,92,0,YES,,
89018,post,2025-10-22,Cara Elak Anak Bosan Belajar: Gunakan Sistem Ganjaran Digital Edventure+,https://kitamen.my/2025/10/22/cara-elak-anak-bosan-belajar-gunakan-sistem-ganjaran-digital-edventure/,Tech &amp; Innovation,723,104,0,YES,,
89014,post,2025-10-22,Bagaimana Bantu Anak Lemah Matematik di Rumah Dengan Aplikasi AI,https://kitamen.my/2025/10/22/bagaimana-bantu-anak-lemah-matematik-di-rumah-dengan-aplikasi-ai/,Gamers &amp; Community; Tech &amp; Innovation,688,96,0,YES,,
89009,post,2025-10-22,Edventure+ Tournaments: Bila Esukan Menjadi Alat Pembelajaran Untuk Generasi Baharu,https://kitamen.my/2025/10/22/edventure-tournaments-bila-esukan-menjadi-alat-pembelajaran-untuk-generasi-baharu/,Tech &amp; Innovation,613,115,0,YES,,
89005,post,2025-10-22,Gamifikasi Dalam Pembelajaran: Kenapa Kanak-Kanak Lebih Seronok Belajar Dengan Edventure+,https://kitamen.my/2025/10/22/gamifikasi-dalam-pembelajaran-kenapa-kanak-kanak-lebih-seronok-belajar-dengan-edventure/,Tech &amp; Innovation,687,121,0,YES,,
89001,post,2025-10-22,Bagaimana AI Membantu Anak Belajar Lebih Cepat Dengan Edventure+,https://kitamen.my/2025/10/22/bagaimana-ai-membantu-anak-belajar-lebih-cepat-dengan-edventure/,Tech &amp; Innovation,729,96,0,YES,,
88997,post,2025-10-22,Buku Latihan Digital vs Fizikal: Bagaimana Ibu Bapa Jimat Hingga RM500 Setahun,https://kitamen.my/2025/10/22/buku-latihan-digital-vs-fizikal-bagaimana-ibu-bapa-jimat-hingga-rm500-setahun/,Tech &amp; Innovation,632,110,0,YES,,
88993,post,2025-10-22,Apa Itu Edventure+: Revolusi Buku Latihan Digital Malaysia,https://kitamen.my/2025/10/22/apa-itu-edventure-revolusi-buku-latihan-digital-malaysia/,Tech &amp; Innovation,748,90,0,YES,,
88989,post,2025-10-22,What Is Edventure+: Malaysia’s Digital Workbook Revolution,https://kitamen.my/2025/10/22/what-is-edventure-malaysias-digital-workbook-revolution/,Tech &amp; Innovation,769,90,0,YES,,
88985,post,2025-10-22,Pakej Penaja Esukan Malaysia 2025,https://kitamen.my/2025/10/22/pakej-penaja-esukan-malaysia-2025/,Industry Insights,660,65,0,YES,,
89064,page,2025-10-22,Malaysia Esports Live Verified Events,https://kitamen.my/malaysia-esports-verified-events/,,2,37,122,,,
88982,post,2025-10-21,Esports Talent Ops: The Professional Casting & Broadcast Handbook,https://kitamen.my/2025/10/21/esports-talent-ops-the-professional-casting-broadcast-handbook/,Industry Insights; Players &amp; Talent,797,97,0,YES,,
88979,post,2025-10-21,University & Campus Esports Framework 2025: From Clubs to Certified Circuits,https://kitamen.my/2025/10/21/university-campus-esports-framework-2025-from-clubs-to-certified-circuits/,Education &amp; Youth,714,108,0,YES,,
88976,post,2025-10-21,Sponsor Playbook 2025: How to Buy Esports Safely in Malaysia,https://kitamen.my/2025/10/21/sponsor-playbook-2025-how-to-buy-esports-safely-in-malaysia/,Industry Insights,676,92,0,YES,,
88973,post,2025-10-21,Why Malaysia’s Esports Industry Needs a Unified Calendar,https://kitamen.my/2025/10/21/why-malaysias-esports-industry-needs-a-unified-calendar/,Community FAQs; Government &amp; Institution; Industry Insights,841,88,0,YES,,
88970,post,2025-10-21,The New Standard of Professionalism in Malaysian Esports — From Passion to Process,https://kitamen.my/2025/10/21/the-new-standard-of-professionalism-in-malaysian-esports-from-passion-to-process/,Industry Insights,765,114,0,YES,,
88966,post,2025-10-21,Malaysia’s Esports Verification Network — Why Central Matters More Than Memberships,https://kitamen.my/2025/10/21/malaysias-esports-verification-network-why-central-matters-more-than-memberships/,Government &amp; Institution; Industry Insights,801,115,0,YES,,
88963,post,2025-10-21,How to Register and Legalise Your Esports Event in Malaysia (2025 Guide),https://kitamen.my/2025/10/21/how-to-register-and-legalise-your-esports-event-in-malaysia-2025-guide/,Industry Insights,870,104,0,YES,,
88960,post,2025-10-21,How EsportsCentral.my Standardises Malaysia’s Event Ecosystem,https://kitamen.my/2025/10/21/how-esportscentral-my-standardises-malaysias-event-ecosystem/,Industry Insights,772,93,0,YES,,
88957,post,2025-10-21,The Real Drivers of Malaysia’s Esports Growth — Beyond Federations,https://kitamen.my/2025/10/21/the-real-drivers-of-malaysias-esports-growth-beyond-federations/,Industry Insights,802,98,0,YES,,
88954,post,2025-10-21,Malaysia’s Esports Governance Landscape 2025 — Who Really Builds the Future,https://kitamen.my/2025/10/21/malaysias-esports-governance-landscape-2025-who-really-builds-the-future/,Industry Insights,905,107,0,YES,,
88951,post,2025-10-18,Revolusi AI dalam Esukan Malaysia 2025 — Dari Operasi ke Inovasi,https://kitamen.my/2025/10/18/revolusi-ai-dalam-esukan-malaysia-2025-dari-operasi-ke-inovasi/,Industry Insights,750,96,0,YES,,
88948,post,2025-10-18,Building the AI Stack for Esports Malaysia — A Roadmap for 2026,https://kitamen.my/2025/10/18/building-the-ai-stack-for-esports-malaysia-a-roadmap-for-2026/,Industry Insights,872,95,0,YES,,
88945,post,2025-10-18,AI Revolution in Malaysian Esports 2025 — From Operations to Innovation,https://kitamen.my/2025/10/18/ai-revolution-in-malaysian-esports-2025-from-operations-to-innovation/,Government &amp; Institution,769,103,0,YES,,
88942,post,2025-10-18,Krisis Acara Esukan Malaysia 2025: Bila Poster Ganti Perancangan,https://kitamen.my/2025/10/18/krisis-acara-esukan-malaysia-2025-bila-poster-ganti-perancangan/,Industry Insights,621,96,0,YES,,
88939,post,2025-10-18,Membaiki Rantaian Acara Esukan Malaysia 2025: Dari Poster ke Polisi,https://kitamen.my/2025/10/18/membaiki-rantaian-acara-esukan-malaysia-2025-dari-poster-ke-polisi/,Industry Insights,781,99,0,YES,,
88936,post,2025-10-18,Fixing the Esports Event Pipeline: From Poster to Policy (Malaysia 2025),https://kitamen.my/2025/10/18/fixing-the-esports-event-pipeline-from-poster-to-policy-malaysia-2025/,Industry Insights,800,104,0,YES,,
88933,post,2025-10-18,Malaysia’s Esports Event Crisis: When Posters Replace Planning,https://kitamen.my/2025/10/18/malaysias-esports-event-crisis-when-posters-replace-planning/,Industry Insights,657,94,0,YES,,
88923,post,2025-10-15,The complete history of Malaysia Esports Federation (MESF),https://kitamen.my/2025/10/15/malaysia-esports-federation-mesf-history/,Uncategorized,2,55,133,,,YES
88920,post,2025-10-15,Central Esports Malaysia 2025 — Official Overview,https://kitamen.my/2025/10/15/central-esports-malaysia-2025-official-overview/,Industry Insights,546,81,0,YES,,
88917,post,2025-10-15,"Malaysia’s Esports Data Index 2025 — Growth, Viewership & Economy",https://kitamen.my/2025/10/15/malaysias-esports-data-index-2025-growth-viewership-economy/,Industry Insights,651,97,0,YES,,
88914,post,2025-10-15,Esports Education & Career Pathways in Malaysia (2025 Guide),https://kitamen.my/2025/10/15/esports-education-career-pathways-in-malaysia-2025-guide/,Education &amp; Youth; Industry Insights,664,92,0,YES,,
88911,post,2025-10-15,The Malaysia Esports Blueprint in Action: From Policy to Practice,https://kitamen.my/2025/10/15/the-malaysia-esports-blueprint-in-action-from-policy-to-practice/,Government &amp; Institution; Industry Insights,625,97,0,YES,,
88908,post,2025-10-15,Flava Farouq × KITAMEN — Redefining Malaysia’s Esports Future,https://kitamen.my/2025/10/15/flava-farouq-x-kitamen-redefining-malaysias-esports-future/,Industry Insights,553,93,0,YES,,
88905,post,2025-10-15,Central Esports 2025 — Malaysia’s Digital Backbone for the Esports Ecosystem,https://kitamen.my/2025/10/15/central-esports-2025-malaysias-digital-backbone-for-the-esports-ecosystem/,Industry Insights,468,108,0,YES,,
88902,post,2025-10-15,Central Esports 2025 — Platform Baharu Mempersatukan Ekosistem Esukan Malaysia,https://kitamen.my/2025/10/15/central-esports-2025-platform-baharu-mempersatukan-ekosistem-esukan-malaysia/,Government &amp; Institution; Industry Insights,538,110,0,YES,,
88899,post,2025-10-14,CENTRAL 2025 Knowledge Index — KITAMEN × EsportsCentral.my,https://kitamen.my/2025/10/14/central-2025-knowledge-index-kitamen-x-esportscentral-my/,Industry Insights,273,90,0,YES,,YES
88896,post,2025-10-14,Membina Ekosistem Esukan Malaysia 2025: Dari Data ke Tindakan,https://kitamen.my/2025/10/14/membina-ekosistem-esukan-malaysia-2025-dari-data-ke-tindakan/,Industry Insights,693,93,0,YES,,
88893,post,2025-10-14,"Fasiliti Esukan Malaysia 2025: Arena, Studio & Pusat Latihan Bersijil di CENTRAL",https://kitamen.my/2025/10/14/fasiliti-esukan-malaysia-2025-arena-studio-pusat-latihan-bersijil-di-central/,Community FAQs; Gamers &amp; Community; Government &amp; Institution,908,112,0,YES,,
88890,post,2025-10-14,Kerjaya Esukan Malaysia 2025: Direktori & Peluang dari CENTRAL,https://kitamen.my/2025/10/14/kerjaya-esukan-malaysia-2025-direktori-peluang-dari-central/,Community FAQs; Education &amp; Youth; Government &amp; Institution; Industry Insights,766,94,0,YES,,
88887,post,2025-10-14,Lesen & Garis Panduan Esukan Malaysia 2025: Panduan Lengkap dari CENTRAL,https://kitamen.my/2025/10/14/lesen-garis-panduan-esukan-malaysia-2025-panduan-lengkap-dari-central/,Esports; Event Management; Government &amp; Institution; Industry Insights,832,104,0,YES,,
88884,post,2025-10-14,"Pendidikan Esukan Malaysia 2025: Inisiatif, Akademi & Kursus Disusun di CENTRAL",https://kitamen.my/2025/10/14/pendidikan-esukan-malaysia-2025-inisiatif-akademi-kursus-disusun-di-central/,Education &amp; Youth; Government &amp; Institution; Industry Insights,740,111,0,YES,,
88881,post,2025-10-14,Kalender Esukan Malaysia 2025: Cara CENTRAL Menyusun Ekosistem Acara Negara,https://kitamen.my/2025/10/14/kalender-esukan-malaysia-2025-cara-central-menyusun-ekosistem-acara-negara/,Education &amp; Youth; Event Management; Gamers &amp; Community; Government &amp; Institution; Industry Insights,770,107,0,YES,,
88878,post,2025-10-14,CENTRAL: Arkib Baharu Esukan Malaysia 2025 — Dari Komuniti ke Infrastruktur Digital,https://kitamen.my/2025/10/14/central-arkib-baharu-esukan-malaysia-2025-dari-komuniti-ke-infrastruktur-digital/,Government &amp; Institution; Industry Insights; Tech &amp; Innovation,794,115,0,YES,,
88875,post,2025-10-14,"Templat Laporan Pasca-Acara Esukan Malaysia (2025): KPI, Metodologi & Contoh Isi",https://kitamen.my/2025/10/14/templat-laporan-pasca-acara-esukan-malaysia-2025-kpi-metodologi-contoh-isi/,Community FAQs; Event Management; Government &amp; Institution,761,112,0,YES,,
88872,post,2025-10-14,"Indeks Esukan Malaysia 2025: Mengukur Pertumbuhan, Penonton & Ekonomi Digital",https://kitamen.my/2025/10/14/indeks-esukan-malaysia-2025-mengukur-pertumbuhan-penonton-ekonomi-digital/,Esports; Government &amp; Institution,732,109,0,YES,,
88869,post,2025-10-14,Blueprint Media & Komuniti Esukan Malaysia 2025: Rangka Strategi Kolaboratif Nasional,https://kitamen.my/2025/10/14/blueprint-media-komuniti-esukan-malaysia-2025-rangka-strategi-kolaboratif-nasional/,Government &amp; Institution; Media,949,117,0,YES,,
88866,post,2025-10-14,Media Esukan Malaysia: Dari Liputan ke Kepimpinan Industri (2025),https://kitamen.my/2025/10/14/media-esukan-malaysia-dari-liputan-ke-kepimpinan-industri-2025/,Media,701,97,0,YES,,
88863,post,2025-10-14,Ekosistem Esukan Terbuka: Bagaimana Media & Komuniti Menggerakkan Malaysia (2025),https://kitamen.my/2025/10/14/ekosistem-esukan-terbuka-bagaimana-media-komuniti-menggerakkan-malaysia-2025/,Players &amp; Talent,757,113,0,YES,,
88860,post,2025-10-14,Visi Esukan Flava: Kenapa Malaysia Perlukan Naratif Baru (2025),https://kitamen.my/2025/10/14/visi-esukan-flava-kenapa-malaysia-perlukan-naratif-baru-2025/,Players &amp; Talent,755,95,0,YES,,
88857,post,2025-10-14,Profil Flava Farouq: Dari Host ke Penggerak Industri Esukan Malaysia (2025),https://kitamen.my/2025/10/14/profil-flava-farouq-dari-host-ke-penggerak-industri-esukan-malaysia-2025/,Players &amp; Talent,702,107,0,YES,,
88854,post,2025-10-14,Krisis Tadbir Urus Esukan Malaysia: Analisis Struktur & Kesan (2025),https://kitamen.my/2025/10/14/krisis-tadbir-urus-esukan-malaysia-analisis-struktur-kesan-2025/,Government &amp; Institution,763,100,0,YES,,
88847,page,2025-09-11,Proposal UDA,https://kitamen.my/proposal-uda/,,2,44,0,YES,,
88839,post,2025-09-01,Top Sports & Esports Event Companies in Malaysia (2025),https://kitamen.my/2025/09/01/top-sports-esports-event-companies-in-malaysia-2025/,Event Management,595,87,0,YES,,
88845,page,2025-09-01,Broadcast & Livestream Services,https://kitamen.my/broadcast-livestream-services/,,619,63,0,YES,,
88842,page,2025-09-01,Sports & Esports Event Management in Malaysia,https://kitamen.my/sports-esports-event-management-in-malaysia/,,579,77,0,YES,,
88837,page,2025-09-01,Esports in Malaysia needs structure over spectacle. This is our roadmap — and our line in the sand.,https://kitamen.my/manifesto/,,656,131,0,YES,,
88832,post,2025-08-31,Esports Tournament Organizer in Malaysia 2025: Building the Future of Competitive Gaming,https://kitamen.my/2025/08/31/esports-tournament-organizer-in-malaysia-2025-building-the-future-of-competitive-gaming/,Event Management; Industry Insights; Players &amp; Talent,581,120,0,YES,,
88829,post,2025-08-31,Esports Content Creator & Journalist in Malaysia 2025: Voices That Shape the Scene,https://kitamen.my/2025/08/31/esports-content-creator-journalist-in-malaysia-2025-voices-that-shape-the-scene/,Gamers &amp; Community; Players &amp; Talent,508,114,0,YES,,
88826,post,2025-08-31,Esports Team Manager in Malaysia 2025: The People Who Keep the Players Performing,https://kitamen.my/2025/08/31/esports-team-manager-in-malaysia-2025-the-people-who-keep-the-players-performing/,Industry Insights; Players &amp; Talent,534,113,0,YES,,
88823,post,2025-08-31,"Esports Social Media & Marketing Specialist in Malaysia 2025: Growing Fans, Brands, and Teams",https://kitamen.my/2025/08/31/esports-social-media-marketing-specialist-in-malaysia-2025-growing-fans-brands-and-teams/,Event Management; Players &amp; Talent; Tech &amp; Innovation,567,125,0,YES,,
88820,post,2025-08-31,Esports Event Manager in Malaysia 2025: The Backbone of Every Tournament,https://kitamen.my/2025/08/31/esports-event-manager-in-malaysia-2025-the-backbone-of-every-tournament/,Event Management; Tech &amp; Innovation,496,104,0,YES,,
88817,post,2025-08-31,Esports Referee & Admin in Malaysia 2025: The Silent Guardians of Fair Play,https://kitamen.my/2025/08/31/esports-referee-admin-in-malaysia-2025-the-silent-guardians-of-fair-play/,Event Management; Players &amp; Talent,556,107,0,YES,,
88814,post,2025-08-31,Broadcast Producer in Malaysian Esports 2025: The Orchestrators Behind the Screen,https://kitamen.my/2025/08/31/broadcast-producer-in-malaysian-esports-2025-the-orchestrators-behind-the-screen/,Esports; Event Management; Tech &amp; Innovation,559,113,0,YES,,
88788,post,2025-08-21,Transform or Forfeit ASEAN Leadership,https://kitamen.my/2025/08/21/transform-or-forfeit-asean-leadership/,Education &amp; Youth; Esports; Government &amp; Institution; Industry Insights,3,69,0,YES,,YES
88785,post,2025-08-21,How Malaysia Mistakes Activity for Progress in Esports,https://kitamen.my/2025/08/21/how-malaysia-mistakes-activity-for-progress-in-esports/,Education &amp; Youth; Esports; Government &amp; Institution; Industry Insights,3,86,0,YES,,YES
88781,post,2025-08-21,The Hidden Cost of Undervaluing Esports in Malaysia,https://kitamen.my/2025/08/21/the-hidden-cost-of-undervaluing-esports-in-malaysia/,Government &amp; Institution; Industry Insights,3,83,0,YES,,YES
88776,post,2025-08-21,How Malaysia Chooses Failure in Esports,https://kitamen.my/2025/08/21/how-malaysia-chooses-failure-in-esports/,Uncategorized,3,71,0,YES,,YES
88773,post,2025-08-21,How Malaysia Mistakes Entertainment for Infrastructure,https://kitamen.my/2025/08/21/carnivals-at-the-national-stage/,Government &amp; Institution; Industry Insights,3,86,0,YES,,YES
88791,page,2025-08-21,Malaysia Esports Alternate Universe,https://kitamen.my/esportsalternate/,,3,67,0,YES,,
88767,post,2025-08-20,Malaysia’s Esports Betrayal,https://kitamen.my/2025/08/20/malaysias-esports-betrayal/,Government &amp; Institution; Industry Insights,3,59,0,YES,,YES
88763,post,2025-08-19,PlayPod Lite for TMG – Proposal 19-8-2025,https://kitamen.my/2025/08/19/playpod-tmg/,Uncategorized,2,73,0,YES,,YES
88755,post,2025-08-19,TGV Pilot Impact Report,https://kitamen.my/2025/08/19/tgv-pilot-impact-report/,Uncategorized,2,55,0,YES,,YES
88728,post,2025-08-16,Behind the Scenes: How Kitamen Powers the Cultural Infrastructure Inside TGV Cinemas,https://kitamen.my/2025/08/16/behind-the-scenes-how-kitamen-powers-the-cultural-infrastructure-inside-tgv-cinemas/,Brands &amp; Sponsors; Event Management; Gamers &amp; Community,717,116,0,YES,,
88725,post,2025-08-16,From Watchers to Creators: How TGV is Tapping Malaysia’s Creator Economy Inside Cinemas,https://kitamen.my/2025/08/16/from-watchers-to-creators-how-tgv-is-tapping-malaysias-creator-economy-inside-cinemas/,Brands &amp; Sponsors,692,119,0,YES,,
88722,post,2025-08-16,"How IP Owners Can Launch Across Film, Game, and Merch — All Inside a Cinema",https://kitamen.my/2025/08/16/how-ip-owners-can-launch-across-film-game-and-merch-all-inside-a-cinema/,Brands &amp; Sponsors; Event Management; Gamers &amp; Community,763,107,0,YES,,
88719,post,2025-08-16,KLCC is Next: How TGV is Scaling Cultureplexes Across Malaysia,https://kitamen.my/2025/08/16/klcc-is-next-how-tgv-is-scaling-cultureplexes-across-malaysia/,Brands &amp; Sponsors; Gamers &amp; Community,740,94,0,YES,,
88716,post,2025-08-16,PlayPod: How Permanent Gaming Hubs Are Redefining Cinemas in Malaysia,https://kitamen.my/2025/08/16/playpod-how-permanent-gaming-hubs-are-redefining-cinemas-in-malaysia/,Brands &amp; Sponsors; Community FAQs; Event Management; Gamers &amp; Community,769,101,0,YES,,
88707,post,2025-08-16,TGV: Reimagining the Cinema as Malaysia’s Cultural Epicenter,https://kitamen.my/2025/08/16/tgv-reimagining-the-cinema-as-malaysias-cultural-epicenter/,Brands &amp; Sponsors; Community FAQs; Education &amp; Youth; Event Management; Gamers &amp; Community; Industry Insights,854,92,0,YES,,
88704,post,2025-08-16,"Esports Salaries in Malaysia 2025: How Much Do Players, Casters, and Coaches Earn?",https://kitamen.my/2025/08/16/esports-salaries-in-malaysia-2025-how-much-do-players-casters-and-coaches-earn/,Community FAQs; Event Management; Industry Insights; Players &amp; Talent,566,114,0,YES,,
88698,post,2025-08-16,Esports Coach in Malaysia 2025: The Strategists Behind Every Victory,https://kitamen.my/2025/08/16/esports-coach-in-malaysia-2025-the-strategists-behind-every-victory/,Education &amp; Youth; Gamers &amp; Community; Industry Insights,635,100,0,YES,,
88693,post,2025-08-11,Esports Analyst: The Data-Driven Minds of Malaysian Esports (2025),https://kitamen.my/2025/08/11/esports-analyst-the-data-driven-minds-of-malaysian-esports-2025/,Community FAQs; Education &amp; Youth; Players &amp; Talent; Tech &amp; Innovation,663,98,0,YES,,
88687,post,2025-08-11,Pro Player: Malaysia’s Path to Esports Stardom in 2025,https://kitamen.my/2025/08/11/pro-player-malaysias-path-to-esports-stardom-in-2025/,Community FAQs; Gamers &amp; Community; Industry Insights; Players &amp; Talent,563,86,0,YES,,
88684,post,2025-08-11,Esports Careers in Malaysia: The Complete 2025 Guide,https://kitamen.my/2025/08/11/esports-careers-in-malaysia-the-complete-2025-guide/,Education &amp; Youth; Government &amp; Institution; Industry Insights,586,84,0,YES,,
88677,post,2025-08-11,MPL Malaysia Shoutcasters: Complete 2025 Line-Up,https://kitamen.my/2025/08/11/mpl-malaysia-shoutcasters-complete-2025-line-up/,Industry Insights; Players &amp; Talent,737,80,0,YES,,
88674,post,2025-08-11,Esports Broadcasting in Malaysia: The Complete 2025 Guide,https://kitamen.my/2025/08/11/esports-broadcasting-in-malaysia-the-complete-2025-guide/,Brands &amp; Sponsors; Industry Insights; Media; Tech &amp; Innovation,613,89,0,YES,,
88671,post,2025-08-11,How Esports Events in Malaysia Integrate Sponsors into Broadcasts,https://kitamen.my/2025/08/11/how-esports-events-in-malaysia-integrate-sponsors-into-broadcasts/,Brands &amp; Sponsors; Event Management; Tech &amp; Innovation,414,97,0,YES,,
88668,post,2025-08-11,Malaysian Esports Broadcasting: Behind-the-Scenes Roles You Didn’t See,https://kitamen.my/2025/08/11/malaysian-esports-broadcasting-behind-the-scenes-roles-you-didnt-see/,Event Management; Players &amp; Talent; Tech &amp; Innovation,440,102,0,YES,,
88663,post,2025-08-11,Glosari & Istilah Tadbir Urus Esukan Malaysia (2025) — dwibahasa BM + EN,https://kitamen.my/2025/08/11/glosari-istilah-tadbir-urus-esukan-malaysia-2025-dwibahasa-bm-en/,Community FAQs; Government &amp; Institution; Industry Insights,907,104,0,YES,,
88660,post,2025-08-11,Glosari & Istilah Tadbir Urus Esukan Malaysia (2025),https://kitamen.my/2025/08/11/glosari-istilah-tadbir-urus-esukan-malaysia-2025/,Community FAQs; Government &amp; Institution; Industry Insights,812,84,0,YES,,
88657,post,2025-08-11,Alternatif kepada MESF: Pilihan & Laluan untuk Pemain Industri Esukan Malaysia (2025),https://kitamen.my/2025/08/11/alternatif-kepada-mesf-pilihan-laluan-untuk-pemain-industri-esukan-malaysia-2025/,Brands &amp; Sponsors; Esports; Event Management; Government &amp; Institution,591,117,0,YES,,
88654,post,2025-08-11,Sejarah & Evolusi MESF: Dari Penubuhan ke 2025,https://kitamen.my/2025/08/11/sejarah-evolusi-mesf-dari-penubuhan-ke-2025/,Government &amp; Institution; Industry Insights,763,78,0,YES,,
88651,post,2025-08-11,Soalan Lazim tentang MESF di Malaysia (FAQ 2025),https://kitamen.my/2025/08/11/soalan-lazim-tentang-mesf-di-malaysia-faq-2025/,Government &amp; Institution,610,80,0,YES,,
88648,post,2025-08-11,Malaysia Menuju Kepimpinan Serantau: Pengajaran dari Riyadh 2025,https://kitamen.my/2025/08/11/malaysia-menuju-kepimpinan-serantau-pengajaran-dari-riyadh-2025/,Brands &amp; Sponsors; Esports; Event Management; Government &amp; Institution,703,96,0,YES,,
88645,post,2025-08-11,Kerjasama Global MESF & Implikasi kepada Ekosistem Esukan Malaysia 2025,https://kitamen.my/2025/08/11/kerjasama-global-mesf-implikasi-kepada-ekosistem-esukan-malaysia-2025/,Government &amp; Institution,443,103,0,YES,,
88642,post,2025-08-11,Debat Tadbir Urus Esukan Malaysia: MEGA vs MESF (2025),https://kitamen.my/2025/08/11/debat-tadbir-urus-esukan-malaysia-mega-vs-mesf-2025/,Gamers &amp; Community,604,86,0,YES,,
88639,post,2025-08-11,Peranan & Kedudukan MESF dalam Ekosistem Esukan Malaysia 2025,https://kitamen.my/2025/08/11/peranan-kedudukan-mesf-dalam-ekosistem-esukan-malaysia-2025/,Government &amp; Institution; Industry Insights,747,93,0,YES,,
88636,post,2025-08-11,Polisi & Sokongan Kerajaan untuk Esukan Malaysia 2025,https://kitamen.my/2025/08/11/polisi-sokongan-kerajaan-untuk-esukan-malaysia-2025/,Esports; Government &amp; Institution; Media,450,85,0,YES,,
88633,post,2025-08-11,Peralatan Asas untuk Memulakan Streaming & Esukan di Malaysia 2025,https://kitamen.my/2025/08/11/peralatan-asas-untuk-memulakan-streaming-esukan-di-malaysia-2025/,Education &amp; Youth; Gamers &amp; Community; Tech &amp; Innovation,530,98,0,YES,,
88630,post,2025-08-11,Panduan Menyertai Kejohanan Esukan di Malaysia 2025,https://kitamen.my/2025/08/11/panduan-menyertai-kejohanan-esukan-di-malaysia-2025/,Brands &amp; Sponsors; Community FAQs; Esports; Event Management,432,83,0,YES,,
88627,post,2025-08-11,Kerjaya dalam Esukan Malaysia: Panduan & Peluang 2025,https://kitamen.my/2025/08/11/kerjaya-dalam-esukan-malaysia-panduan-peluang-2025/,Education &amp; Youth; Government &amp; Institution; Industry Insights,499,85,0,YES,,
88624,post,2025-08-11,Industri Esukan Malaysia: Gambaran Lengkap 2025,https://kitamen.my/2025/08/11/industri-esukan-malaysia-gambaran-lengkap-2025/,Education &amp; Youth; Government &amp; Institution; Industry Insights,566,79,0,YES,,
88621,post,2025-08-11,Best Shoutcaster Equipment for 2025: Malaysia’s Complete Guide,https://kitamen.my/2025/08/11/best-shoutcaster-equipment-for-2025-malaysias-complete-guide/,Esports; Event Management; Players &amp; Talent; Tech &amp; Innovation,522,94,0,YES,,
88618,post,2025-08-11,The Future of Shoutcasting in Malaysia: 2025–2030 Outlook,https://kitamen.my/2025/08/11/the-future-of-shoutcasting-in-malaysia-2025-2030-outlook/,Gamers &amp; Community; Industry Insights; Tech &amp; Innovation,481,89,0,YES,,
88615,post,2025-08-11,How to Build Your Personal Brand as a Shoutcaster in Malaysia,https://kitamen.my/2025/08/11/how-to-build-your-personal-brand-as-a-shoutcaster-in-malaysia/,Education &amp; Youth; Gamers &amp; Community; Players &amp; Talent,524,93,0,YES,,
88612,post,2025-08-11,How to Become a Shoutcaster in Malaysia: A Complete 2025 Guide,https://kitamen.my/2025/08/11/how-to-become-a-shoutcaster-in-malaysia-a-complete-2025-guide/,Community FAQs; Education &amp; Youth; Players &amp; Talent,554,94,0,YES,,
88609,post,2025-08-11,Farizah: Malaysia’s Multilingual Bridge in Esports Broadcasting,https://kitamen.my/2025/08/11/farizah-malaysias-multilingual-bridge-in-esports-broadcasting/,Players &amp; Talent,367,95,0,YES,,
88606,post,2025-08-11,Shamilo: Malaysia’s Rising Female Voice in Esports Broadcasting,https://kitamen.my/2025/08/11/shamilo-malaysias-rising-female-voice-in-esports-broadcasting/,Players &amp; Talent,357,95,0,YES,,
88603,post,2025-08-11,Sith: The Steady Voice of MPL Malaysia’s Broadcast Desk,https://kitamen.my/2025/08/11/sith-the-steady-voice-of-mpl-malaysias-broadcast-desk/,Education &amp; Youth; Players &amp; Talent,364,87,0,YES,,
88600,post,2025-08-11,Karakuri: Malaysia’s Veteran Voice of Esports Analysis,https://kitamen.my/2025/08/11/karakuri-malaysias-veteran-voice-of-esports-analysis/,Education &amp; Youth; Players &amp; Talent,438,86,0,YES,,
88595,post,2025-08-11,"The Business of Esports Broadcasting in Malaysia: Sponsorships, Branding, and Beyond",https://kitamen.my/2025/08/11/the-business-of-esports-broadcasting-in-malaysia-sponsorships-branding-and-beyond/,Brands &amp; Sponsors; Industry Insights; Players &amp; Talent; Tech &amp; Innovation,483,116,0,YES,,
88590,post,2025-08-11,The Analyst-Influencer Model: How TikTok is Changing Esports Broadcasting,https://kitamen.my/2025/08/11/the-analyst-influencer-model-how-tiktok-is-changing-esports-broadcasting/,Players &amp; Talent; Tech &amp; Innovation,465,105,0,YES,,
88575,post,2025-08-06,From Player to Caster: A New Career Path in Malaysian Esports,https://kitamen.my/2025/08/06/from-player-to-caster-a-new-career-path-in-malaysian-esports/,Education &amp; Youth; Gamers &amp; Community; Players &amp; Talent,547,93,0,YES,,
88572,post,2025-08-06,The Future of Media Production in Southeast Asia: Why Masta Studios Is Leading the Charge,https://kitamen.my/2025/08/06/the-future-of-media-production-in-southeast-asia-why-masta-studios-is-leading-the-charge/,News; Tech &amp; Innovation,511,121,0,YES,,
88569,post,2025-08-05,Why Multilingual Shoutcasters Are the Future of Malaysian Esports,https://kitamen.my/2025/08/05/why-multilingual-shoutcasters-are-the-future-of-malaysian-esports/,Community FAQs; Gamers &amp; Community; Industry Insights; Players &amp; Talent,529,97,0,YES,,
88566,post,2025-08-05,HusKKiee: Malaysia’s High-Energy Esports Caster,https://kitamen.my/2025/08/05/huskkiee-malaysias-high-energy-esports-caster/,Players &amp; Talent,443,79,0,YES,,
88563,post,2025-08-05,Sdafhaa: Malaysia’s Energetic Hybrid Shoutcaster and Streamer,https://kitamen.my/2025/08/05/sdafhaa-malaysias-energetic-hybrid-shoutcaster-and-streamer/,Players &amp; Talent,440,93,0,YES,,
88560,post,2025-08-05,ReezPiuPiu: Malaysia’s Fast-Paced Female Voice of MPL Esports,https://kitamen.my/2025/08/05/reezpiupiu-malaysias-fast-paced-female-voice-of-mpl-esports/,Players &amp; Talent,439,93,0,YES,,
88557,post,2025-08-05,Artha: From Pro Player to Malaysia’s Aggressive Esports Caster,https://kitamen.my/2025/08/05/artha-from-pro-player-to-malaysias-aggressive-esports-caster/,Players &amp; Talent,450,94,0,YES,,
88554,post,2025-08-05,GideonQ: Malaysia’s Underrated English Voice of Esports,https://kitamen.my/2025/08/05/gideonq-malaysias-underrated-english-voice-of-esports/,Players &amp; Talent,450,87,0,YES,,
88551,post,2025-08-05,Sunfrost: The Coach-Turned Hype Caster of MPL Malaysia,https://kitamen.my/2025/08/05/sunfrost-the-coach-turned-hype-caster-of-mpl-malaysia/,Players &amp; Talent,438,86,0,YES,,
88548,post,2025-08-05,Adeen: Malaysia’s Playful Analyst of MPL Esports,https://kitamen.my/2025/08/05/adeen-malaysias-playful-analyst-of-mpl-esports/,Players &amp; Talent,436,80,0,YES,,
88545,post,2025-08-05,Mars: Malaysia’s Esports Talent of the Year,https://kitamen.my/2025/08/05/mars-malaysias-esports-talent-of-the-year/,Players &amp; Talent,489,75,0,YES,,
88542,post,2025-08-05,Laphel: Malaysia’s Analyst-Influencer Redefining Esports Commentary,https://kitamen.my/2025/08/05/laphel-malaysias-analyst-influencer-redefining-esports-commentary/,Players &amp; Talent,449,99,0,YES,,
88539,post,2025-08-05,Rose: Malaysia’s Trilingual Queen of Esports Broadcasting,https://kitamen.my/2025/08/05/rose-malaysias-trilingual-queen-of-esports-broadcasting/,Players &amp; Talent,466,89,0,YES,,
88536,post,2025-08-05,The Voices of Victory: Inside MPL Malaysia’s Shoutcasting Scene in 2025,https://kitamen.my/2025/08/05/the-voices-of-victory-inside-mpl-malaysias-shoutcasting-scene-in-2025/,Industry Insights; Media; Players &amp; Talent,545,103,0,YES,,
88533,post,2025-08-05,The Future of Esports in Malaysia: Why Kitamen Leads in 2025 and Beyond,https://kitamen.my/2025/08/05/the-future-of-esports-in-malaysia-why-kitamen-leads-in-2025-and-beyond/,Industry Insights,567,103,0,YES,,
88530,post,2025-08-05,Kejohanan OneOne Valorant 2025: Pertandingan E-Sukan Belia Malaysia oleh Kitamen,https://kitamen.my/2025/08/05/kejohanan-oneone-valorant-2025-pertandingan-e-sukan-belia-malaysia-oleh-kitamen/,Esports; Event Management; Gamers &amp; Community,534,112,0,YES,,
88525,post,2025-08-05,OneOne Valorant Tournament 2025: Malaysia’s Youth Esports Showdown Powered by Kitamen,https://kitamen.my/2025/08/05/oneone-valorant-tournament-2025-malaysias-youth-esports-showdown-powered-by-kitamen/,Education &amp; Youth; Esports; Government &amp; Institution; Industry Insights,572,117,0,YES,,
88501,post,2025-08-05,PS5 Rental for Corporate Events in Malaysia: Elevate Engagement in 2025,https://kitamen.my/2025/08/05/ps5-rental-for-corporate-events-in-malaysia-elevate-engagement-in-2025/,Event Management; Tech &amp; Innovation,590,103,0,YES,,
88498,post,2025-08-05,PS5 Rental Packages in Malaysia 2025: Which Option Fits Your Event?,https://kitamen.my/2025/08/05/ps5-rental-packages-in-malaysia-2025-which-option-fits-your-event/,Event Management; Tech &amp; Innovation,388,99,0,YES,,
88495,post,2025-08-05,Why Cheap PS5 Rentals May Cost You More in Malaysia (2025 Guide),https://kitamen.my/2025/08/05/why-cheap-ps5-rentals-may-cost-you-more-in-malaysia-2025-guide/,Event Management; Tech &amp; Innovation,667,96,0,YES,,
88492,post,2025-08-05,PS5 Rental Services in Malaysia 2025: Comparing Providers & Why KITAMEN Sets the Standard,https://kitamen.my/2025/08/05/ps5-rental-services-in-malaysia-2025-comparing-providers-why-kitamen-sets-the-standard/,Event Management; Tech &amp; Innovation,917,121,0,YES,,
88489,post,2025-08-03,Selangor Red Giants OG: MSC 2025 Runner-Up at Esports World Cup,https://kitamen.my/2025/08/03/selangor-red-giants-og-msc-2025-runner-up/,Esports; Industry Insights,2,62,165,,,YES
88484,post,2025-08-03,The Role of Universities in Shaping Malaysia’s Next Esports Champions (2025),https://kitamen.my/2025/08/03/universities-malaysia-esports-2025/,Education &amp; Youth; Government &amp; Institution,2,58,100,,,YES
88467,post,2025-08-02,Top 10 Malaysian Esports Teams 2025 – Interactive Board,https://kitamen.my/2025/08/02/top-10-malaysian-esports-teams-2025-interactive-board/,Industry Insights,2,55,148,,,YES
88459,post,2025-08-02,"Top 10 Malaysian Esports Teams 2025 – Rankings, Achievements & Insights",https://kitamen.my/2025/08/02/top-10-malaysian-esports-teams-2025/,Industry Insights; Players &amp; Talent,2,71,128,,,YES
88452,post,2025-08-01,Team Vamos Malaysia 2025 – MLBB & PUBG Mobile Rising Stars,https://kitamen.my/2025/08/01/team-vamos-malaysia-2025/,Uncategorized,316,58,114,,,
88449,post,2025-08-01,Xipto Esports Malaysia 2025 – Dark Horse in MLBB & Valorant,https://kitamen.my/2025/08/01/xipto-esports-malaysia-2025/,Industry Insights; Players &amp; Talent,317,59,117,,,
88446,post,2025-08-01,Motiv Esports Malaysia 2025 – Rising Force in MLBB & PUBG,https://kitamen.my/2025/08/01/motiv-esports-malaysia-2025/,Uncategorized,341,89,114,,,
88443,post,2025-08-01,CelcomDigi Alliance (CDAL) – Driving Malaysian Esports in 2025,https://kitamen.my/2025/08/01/celcomdigi-alliance-esports-malaysia-2025/,Uncategorized,276,62,137,,,YES
88440,post,2025-08-01,SEM9: Malaysia’s Multi-Title Esports Powerhouse in 2025,https://kitamen.my/2025/08/01/sem9-malaysia-esports-2025/,Uncategorized,301,55,139,,,
88437,post,2025-08-01,Team REY: Malaysia’s Consistent Contenders in MLBB Esports 2025,https://kitamen.my/2025/08/01/team-rey-mlbb-malaysia-2025/,Uncategorized,285,63,139,,,YES
88434,post,2025-08-01,Ocean Black: Malaysia’s Dark Horse in MLBB Esports 2025,https://kitamen.my/2025/08/01/ocean-black-mlbb-malaysia-2025/,Uncategorized,293,55,130,,,YES
88431,post,2025-08-01,Monster Vicious: Rising Stars in Malaysia’s MLBB Esports Scene 2025,https://kitamen.my/2025/08/01/monster-vicious-mlbb-malaysia-2025/,Uncategorized,288,67,134,,,YES
88427,post,2025-08-01,DX Soul: Consistent Contenders in Malaysia’s MLBB Pro Circuit 2025,https://kitamen.my/2025/08/01/dx-soul-mlbb-malaysia-2025/,Uncategorized,288,66,124,,,YES
88424,post,2025-08-01,AERO Esports: Rising Stars of Malaysia’s MLBB Scene in 2025,https://kitamen.my/2025/08/01/aero-esports-mlbb-malaysia-2025/,Uncategorized,287,59,123,,,YES
88421,post,2025-08-01,Todak: Malaysia’s Valorant & MLBB Veterans in 2025,https://kitamen.my/2025/08/01/todak-valorant-mlbb-malaysia-2025/,Uncategorized,300,50,118,,,
88418,post,2025-08-01,Homebois: Malaysia’s Rising Force in MPL and Beyond,https://kitamen.my/2025/08/01/homebois-mlbb-malaysia-2025/,Uncategorized,293,51,108,,,YES
88414,post,2025-08-01,Selangor Red Giants OG: Malaysia’s First International MLBB Champions,https://kitamen.my/2025/08/01/selangor-red-giants-og-mlbb-malaysia-2025/,Uncategorized,358,58,110,,,
88401,post,2025-08-01,Malaysia’s Top 10 Esports & Gaming Media Outlets (2025 Edition),https://kitamen.my/2025/08/01/malaysias-top-10-esports-gaming-media-outlets-2025-edition/,Industry Insights; Media; Tech &amp; Innovation,574,54,133,,,
88396,post,2025-08-01,MVEL vs UeL: Choosing the Best Varsity Esports Platform for Your University,https://kitamen.my/2025/08/01/mvel-vs-uel-choosing-the-best-varsity-esports-platform-for-your-university/,Community FAQs; Education &amp; Youth; Esports; Government &amp; Institution,292,76,140,,,YES
88391,post,2025-08-01,Why Malaysian Universities Are Embracing MVEL & How KITAMEN Supports Campus Teams,https://kitamen.my/2025/08/01/why-malaysian-universities-are-embracing-mvel-how-kitamen-supports-campus-teams/,Community FAQs; Education &amp; Youth,295,58,136,,,YES
88388,post,2025-08-01,MVEL 2025 Kick-Off: Empowering Campus Esports Talent Across Malaysia,https://kitamen.my/2025/08/01/mvel-2025-kick-off-empowering-campus-esports-talent-across-malaysia/,Education &amp; Youth; Esports; Government &amp; Institution,315,66,136,,,
88364,post,2025-08-01,MEGA vs MESF: Malaysia’s Dual Esports Governance Debate in 2025,https://kitamen.my/2025/08/01/mega-vs-mesf-malaysias-dual-esports-governance-debate-in-2025/,Government &amp; Institution; Industry Insights; News,631,95,0,YES,,
88369,page,2025-08-01,Welcome to KITAMEN,https://kitamen.my/,,2,50,137,,,
88359,post,2025-07-31,Malaysia Eyes Regional Leadership in Esports: Lessons from Riyadh 2025,https://kitamen.my/2025/07/31/malaysia-eyes-regional-leadership-in-esports-lessons-from-riyadh-2025/,Government &amp; Institution; Industry Insights; News,390,102,0,YES,,
88356,post,2025-07-31,MESF’s Global Partnerships and Malaysia’s Role in ASEAN Esports (2025),https://kitamen.my/2025/07/31/mesfs-global-partnerships-and-malaysias-role-in-asean-esports-2025/,Brands &amp; Sponsors; Government &amp; Institution; Industry Insights,355,102,0,YES,,
88349,post,2025-07-31,MESF and the Future of Esports Careers in Malaysia (2025),https://kitamen.my/2025/07/31/mesf-and-the-future-of-esports-careers-in-malaysia-2025/,Education &amp; Youth; Gamers &amp; Community; Government &amp; Institution; Players &amp; Talent,360,89,0,YES,,
88346,post,2025-07-31,MESF’s Role in Malaysia’s Esports Ecosystem (2025),https://kitamen.my/2025/07/31/mesfs-role-in-malaysias-esports-ecosystem-2025/,Government &amp; Institution; Industry Insights,385,82,0,YES,,
88323,post,2025-07-31,The Real State of Malaysia’s Esports Industry in 2025: Beyond the Blueprint,https://kitamen.my/2025/07/31/the-real-state-of-malaysias-esports-industry-in-2025/,Government &amp; Institution; Industry Insights,1019,53,131,,,
88242,post,2025-07-31,Malaysia Esports 2030: What If PMX’s Vision Becomes Reality,https://kitamen.my/2025/07/31/malaysia-esports-2030-what-if-pmxs-vision-becomes-reality/,Government &amp; Institution,545,26,51,,,
88239,post,2025-07-31,Malaysia Esports 2030: What If PMX’s Vision Becomes Reality,https://kitamen.my/2025/07/31/what-if-pmx-positions-malaysia-as-aseans-esports-hub-by-2030/,Government &amp; Institution,463,91,133,,,
88236,post,2025-07-31,Malaysia Esports Infrastructure 2025: PMX’s Vision to Reality,https://kitamen.my/2025/07/31/malaysias-esports-infrastructure-vision-from-pmxs-policy-to-reality-2025/,Government &amp; Institution,529,93,134,,,
88233,post,2025-07-31,Malaysia Esports Talent Pipeline 2025: From Education to Pro,https://kitamen.my/2025/07/31/malaysias-esports-talent-pipeline-under-pmx-education-to-pro-level/,Government &amp; Institution,493,92,133,,,
88230,post,2025-07-31,Esports for National Unity in Malaysia Madani 2025,https://kitamen.my/2025/07/31/esports-as-a-tool-for-national-unity-under-malaysia-madani/,Government &amp; Institution,489,82,129,,,
88227,post,2025-07-31,Malaysia Madani Esports 2025: Building a Digital-First Generation,https://kitamen.my/2025/07/31/malaysia-madani-esports-building-a-digital-first-generation/,Government &amp; Institution,482,97,135,,,
88224,post,2025-07-31,PMX: Can Esports Empower Malaysia’s Next Generation?,https://kitamen.my/2025/07/31/pmxs-youth-agenda-can-esports-empower-malaysias-next-generation/,Government &amp; Institution,381,84,132,,,
88221,post,2025-07-31,Malaysia’s Digital Economy 2025: Why Esports is Important,https://kitamen.my/2025/07/31/pmx-and-the-digital-economy-why-esports-must-be-on-the-agenda/,Government &amp; Institution,438,89,136,,,
88218,post,2025-07-31,PMX Could Leverage Esports for Youth Development in Malaysia,https://kitamen.my/2025/07/31/how-pmx-could-leverage-esports-for-youth-development-in-malaysia/,Government &amp; Institution,432,92,133,,,
88215,post,2025-07-31,What If PMX Declares Esports a National Priority in Malaysia?,https://kitamen.my/2025/07/31/what-if-pmx-declares-esports-a-national-priority-in-malaysia/,Government &amp; Institution,481,93,135,,,
88212,post,2025-07-31,Malaysia’s Path to Closing the Esports Media Gap in ASEAN 2025,https://kitamen.my/2025/07/31/malaysias-path-to-closing-the-esports-media-gap-in-asean-2025/,Media,472,94,141,,,
88209,post,2025-07-31,Esports Media 2025: Missed Sponsorship Opportunities Explained,https://kitamen.my/2025/07/31/malaysias-missed-sponsorship-opportunities-in-esports-media-2025/,Brands &amp; Sponsors; Media,527,62,130,,,
88206,post,2025-07-31,Malaysia Needs Its Own Tier One Esports Organization in 2025,https://kitamen.my/2025/07/31/why-malaysia-needs-its-own-tier-one-or-one-esports-in-2025/,Media,567,92,138,,,
88203,post,2025-07-31,"Esport Malaysia 2025 – Policies, Growth & Opportunities",https://kitamen.my/2025/07/31/malaysia-vs-asean-where-our-esports-media-stands-in-2025/,Media,509,87,109,,,
88200,post,2025-07-31,Esports in Malaysian Mainstream Media: Prime Time in 2025,https://kitamen.my/2025/07/31/esports-in-malaysian-mainstream-media-from-niche-coverage-to-prime-time-2025/,Media,466,89,108,,,
88197,post,2025-07-31,Malaysia’s Esports Media Coverage vs ASEAN Neighbours (2025),https://kitamen.my/2025/07/31/malaysias-esports-media-coverage-how-we-compare-to-asean-neighbours-in-2025/,Esports; Media,502,92,104,,,
88194,post,2025-07-31,How Malaysia’s Esports Media Coverage Compares with ASEAN Neighbors (2025),https://kitamen.my/2025/07/31/how-malaysias-esports-media-coverage-compares-with-asean-neighbors-2025/,Media,443,56,128,,,
88191,post,2025-07-31,Vietnam’s Esports Rise: What Malaysia Can Learn in 2025,https://kitamen.my/2025/07/31/vietnams-esports-rise-what-malaysia-can-learn-in-2025/,Community FAQs; Education &amp; Youth; Media,436,87,127,,,
88188,post,2025-07-31,Thailand’s Publisher Partnerships & Regional Leagues — Lessons for Malaysia (2025),https://kitamen.my/2025/07/31/thailands-esports-leagues-lessons-malaysia-2025/,Brands &amp; Sponsors; Media,433,55,124,,,
88185,post,2025-07-31,Philippines’ Esports Federation Model: Player Welfare & Growth Lessons for Malaysia (2025),https://kitamen.my/2025/07/31/philippines-esports-federation-model-player-welfare-growth-lessons-for-malaysia-2025/,Media,528,57,134,,,
88182,post,2025-07-31,Indonesia’s Publisher Partnerships: A Blueprint for Malaysia’s Esports Future,https://kitamen.my/2025/07/31/indonesias-publisher-partnerships-a-blueprint-for-malaysias-esports-future/,Media,465,109,0,YES,,
88179,post,2025-07-31,Vietnam’s Grassroots Esports Growth: Lessons for Malaysia,https://kitamen.my/2025/07/31/vietnams-grassroots-esports-growth-lessons-for-malaysia/,Media,483,89,0,YES,,
88176,post,2025-07-31,Thailand’s Tourism & Esports Convergence: A Model for Malaysia’s Growth,https://kitamen.my/2025/07/31/thailands-tourism-esports-convergence-a-model-for-malaysias-growth/,Media,445,103,0,YES,,
88173,post,2025-07-31,Singapore’s Esports Policy & Tech Infrastructure Advantage: Lessons for Malaysia,https://kitamen.my/2025/07/31/singapores-esports-policy-tech-infrastructure-advantage-lessons-for-malaysia/,Media,412,112,0,YES,,
88170,post,2025-07-31,Vietnam’s Esports Surge: Education and STEM Integration Leading the Way,https://kitamen.my/2025/07/31/vietnams-esports-surge-education-and-stem-integration-leading-the-way/,Media,394,103,0,YES,,
88164,post,2025-07-31,Indonesia’s Esports Boom: Corporate Partnerships Driving Growth,https://kitamen.my/2025/07/31/indonesias-esports-boom-corporate-partnerships-driving-growth/,Media,399,95,0,YES,,
88161,post,2025-07-31,Singapore’s Esports & Digital Economy Alignment: A Blueprint for Malaysia,https://kitamen.my/2025/07/31/singapores-esports-digital-economy-alignment-a-blueprint-for-malaysia/,Media,395,105,0,YES,,
88158,post,2025-07-31,Vietnam’s Esports Funding Model: Lessons for Malaysia,https://kitamen.my/2025/07/31/vietnams-esports-funding-model-lessons-for-malaysia/,Media,362,85,0,YES,,
88155,post,2025-07-31,Philippines Has a Senate Esports Committee — What’s Malaysia Waiting For?,https://kitamen.my/2025/07/31/philippines-has-a-senate-esports-committee-whats-malaysia-waiting-for/,Media,378,105,0,YES,,
88152,post,2025-07-31,Indonesia’s Emtek Built a Youth Empire While Malaysia Debated TikTok Bans,https://kitamen.my/2025/07/31/indonesias-emtek-built-a-youth-empire-while-malaysia-debated-tiktok-bans/,Media,421,105,0,YES,,
88149,post,2025-07-31,Esports as CSR: How Malaysian Banks Can Empower Youth in 2025,https://kitamen.my/2025/07/31/esports-as-csr-how-malaysian-banks-can-empower-youth-in-2025/,Brands &amp; Sponsors,402,93,0,YES,,
88146,post,2025-07-31,From Golf to Gaming: Why Malaysian Banks Should Sponsor Esports in 2025,https://kitamen.my/2025/07/31/from-golf-to-gaming-why-malaysian-banks-should-sponsor-esports-in-2025/,Brands &amp; Sponsors,410,103,0,YES,,
88143,post,2025-07-31,Digital Inclusion: How Esports Can Help Malaysian Banks Reach the Unbanked (2025),https://kitamen.my/2025/07/31/digital-inclusion-how-esports-can-help-malaysian-banks-reach-the-unbanked-2025/,Brands &amp; Sponsors,395,113,0,YES,,
88140,post,2025-07-31,Esports Banking Partnerships: Beyond Sponsorship in Malaysia 2025,https://kitamen.my/2025/07/31/esports-banking-partnerships-beyond-sponsorship-in-malaysia-2025/,Brands &amp; Sponsors,427,97,0,YES,,
88137,post,2025-07-31,From Sponsorship to ROI: Why Malaysian Banks Should Invest in Esports (2025),https://kitamen.my/2025/07/31/from-sponsorship-to-roi-why-malaysian-banks-should-invest-in-esports-2025/,Brands &amp; Sponsors,425,108,0,YES,,
88134,post,2025-07-31,Game for Good: How Malaysian Banks Can Use Esports as CSR in 2025,https://kitamen.my/2025/07/31/game-for-good-how-malaysian-banks-can-use-esports-as-csr-in-2025/,Brands &amp; Sponsors; Government &amp; Institution,441,97,0,YES,,
88131,post,2025-07-31,Level Up Banking: How Esports Loyalty Programs Could Transform Malaysia’s Financial Industry,https://kitamen.my/2025/07/31/level-up-banking-how-esports-loyalty-programs-could-transform-malaysias-financial-industry/,Brands &amp; Sponsors,448,124,0,YES,,
88126,post,2025-07-31,Malaysian Banks in Esports: Why Financial Brands Should Sponsor Gaming Circuits,https://kitamen.my/2025/07/31/malaysian-banks-in-esports-why-financial-brands-should-sponsor-gaming-circuits/,Brands &amp; Sponsors; Tech &amp; Innovation,434,111,0,YES,,
88293,page,2025-07-31,Esports Tournament Services Malaysia – End-to-End Management,https://kitamen.my/malaysia-esports-tournament-services/,,853,36,127,,,
88123,post,2025-07-30,Top 10 Malaysian Esports Shoutcasters & Hosts 2025: Voices Driving the Scene,https://kitamen.my/2025/07/30/top-10-malaysian-esports-shoutcasters-hosts-2025-voices-driving-the-scene/,Gamers &amp; Community; Players &amp; Talent,621,108,0,YES,,
88113,post,2025-07-30,Rose Gaming: Malaysia’s Trilingual MPL Host & Esports Career Inspiration (2025),https://kitamen.my/2025/07/30/rose-gaming-malaysias-trilingual-mpl-host-esports-career-inspiration-2025/,Education &amp; Youth; Players &amp; Talent,487,111,0,YES,,
88108,post,2025-07-30,Rose Gaming: Shoutcasting & Career Growth in Malaysia’s Esports Industry 2025,https://kitamen.my/2025/07/30/rose-gaming-shoutcasting-career-growth-in-malaysias-esports-industry-2025/,Uncategorized,446,109,0,YES,,
88105,post,2025-07-30,Esports & Pendidikan Malaysia 2025: Membina Generasi Digital,https://kitamen.my/2025/07/30/esports-pendidikan-malaysia-2025-membina-generasi-digital/,Uncategorized,384,92,0,YES,,
88102,post,2025-07-30,Peluang Perniagaan Dalam Esukan Malaysia 2025: Dari PlayPod ke Penajaan,https://kitamen.my/2025/07/30/peluang-perniagaan-dalam-esukan-malaysia-2025-dari-playpod-ke-penajaan/,Uncategorized,373,103,0,YES,,
88099,post,2025-07-30,"Infrastruktur Esukan Malaysia 2025: Arena, PlayPod & Teknologi Terkini",https://kitamen.my/2025/07/30/infrastruktur-esukan-malaysia-2025-arena-playpod-teknologi-terkini/,Uncategorized,392,102,0,YES,,
88096,post,2025-07-30,"Kerjaya Dalam Esukan Malaysia 2025: Gaji, Kemahiran & Peluang",https://kitamen.my/2025/07/30/kerjaya-dalam-esukan-malaysia-2025-gaji-kemahiran-peluang/,Uncategorized,397,93,0,YES,,
88091,post,2025-07-30,Ekonomi Esukan Malaysia 2025: Bagaimana Industri Ini Menjana Pekerjaan & Peluang,https://kitamen.my/2025/07/30/ekonomi-esukan-malaysia-2025-bagaimana-industri-ini-menjana-pekerjaan-peluang/,Uncategorized,514,112,0,YES,,
88088,post,2025-07-30,Blueprint Esukan Kebangsaan 2025: Implikasi Kepada Belia Malaysia,https://kitamen.my/2025/07/30/blueprint-esukan-kebangsaan-2025-implikasi-kepada-belia-malaysia/,Uncategorized,419,97,0,YES,,
88085,post,2025-07-30,Kelebihan Esukan Untuk Pelajar Malaysia (2025),https://kitamen.my/2025/07/30/kelebihan-esukan-untuk-pelajar-malaysia-2025/,Uncategorized,402,78,0,YES,,
88082,post,2025-07-30,Sewa PlayPod PS5 Malaysia 2025: Pengalaman Gaming Premium,https://kitamen.my/2025/07/30/sewa-playpod-ps5-malaysia-2025-pengalaman-gaming-premium/,Uncategorized,312,89,0,YES,,
88057,post,2025-07-30,Complete Guide to PlayPod PS5 Rental Malaysia 2025,https://kitamen.my/2025/07/30/playpod-ps5-rental-malaysia-2025/,Esports; Event Management; Gamers &amp; Community,451,82,133,,,
88047,post,2025-07-30,Malaysia Esports Madani Budget 2025: Impact on Youth,https://kitamen.my/2025/07/30/malaysia-esports-madani-budget-2025/,Uncategorized,518,84,125,,,
88044,post,2025-07-30,Benefits of Esports for Students in Malaysia (2025 Guide),https://kitamen.my/2025/07/30/benefits-of-esports-for-students-malaysia-2025/,Uncategorized,497,89,124,,,
88041,post,2025-07-30,Where to Play Esports Offline in Malaysia (Top 10 Venues 2025),https://kitamen.my/2025/07/30/where-to-play-esports-offline-in-malaysia-2025/,Uncategorized,519,94,131,,,
88035,post,2025-07-30,Malaysia Esports Federation (MESF) | National Esports Body 2025,https://kitamen.my/2025/07/30/malaysia-esports-federation-mesf-national-esports-body-2025/,Community FAQs; Esports; Government &amp; Institution,594,95,134,,,
88018,post,2025-07-30,Top Malaysian esports teams 2025,https://kitamen.my/2025/07/30/top-10-malaysian-esports-teams-to-watch-in-2025/,Gamers &amp; Community; Industry Insights; Players &amp; Talent,508,64,131,,,
88015,post,2025-07-30,How KITAMEN Redefines CSR Through Esports in Malaysia (2025),https://kitamen.my/2025/07/30/how-kitamen-redefines-csr-through-esports-in-malaysia-2025/,Brands &amp; Sponsors; Community FAQs; Education &amp; Youth; Event Management; Government &amp; Institution,595,92,127,,,
88012,post,2025-07-30,ESG in Malaysian Esports 2025 – KITAMEN’s UltraSafe Approach,https://kitamen.my/2025/07/30/why-esg-matters-in-malaysian-esports-kitamens-ultrasafe-approach-2025/,Education &amp; Youth; Event Management; Government &amp; Institution; Tech &amp; Innovation,557,92,130,,,
88010,post,2025-07-30,The Rise of Varsity Esports Leagues in Malaysia (2025 Edition),https://kitamen.my/2025/07/30/the-rise-of-varsity-esports-leagues-in-malaysia-2025-edition/,Uncategorized,452,94,0,YES,,
88008,post,2025-07-30,Shoutcasting as a Career in Malaysia’s Esports Industry,https://kitamen.my/2025/07/30/shoutcasting-as-a-career-in-malaysia-s-esports-industry/,Uncategorized,486,87,0,YES,,
88006,post,2025-07-30,Government Grants & Funding for Esports Startups in 2025,https://kitamen.my/2025/07/30/government-grants-funding-for-esports-startups-in-2025/,Uncategorized,536,88,0,YES,,
88004,post,2025-07-30,Malaysia’s Varsity Esports Leagues: Building Future Champions,https://kitamen.my/2025/07/30/malaysia-s-varsity-esports-leagues-building-future-champions/,Uncategorized,428,93,0,YES,,
87987,post,2025-07-30,The Rise of Valorant Esports in Malaysia (2025),https://kitamen.my/2025/07/30/the-rise-of-valorant-esports-in-malaysia-2025/,Uncategorized,439,79,0,YES,,
87985,post,2025-07-30,The Future of Mobile Gaming Tournaments in Malaysia,https://kitamen.my/2025/07/30/the-future-of-mobile-gaming-tournaments-in-malaysia/,Uncategorized,456,83,0,YES,,
87983,post,2025-07-30,Women in Malaysian Esports: Rising Talent & New Opportunities,https://kitamen.my/2025/07/30/women-in-malaysian-esports-rising-talent-new-opportunities/,Uncategorized,378,93,0,YES,,
87981,post,2025-07-30,Building Careers Beyond Gaming: Malaysia’s Esports Job Market in 2025,https://kitamen.my/2025/07/30/building-careers-beyond-gaming-malaysia-s-esports-job-market-in-2025/,Uncategorized,393,101,0,YES,,
88080,page,2025-07-30,Sewa PS5 Malaysia 2025,https://kitamen.my/services/sewa-ps5-malaysia-2025/,,329,54,0,YES,,
87832,post,2025-07-29,Esports in Malaysian Schools & Universities 2025,https://kitamen.my/2025/07/29/why-malaysian-schools-universities-are-embracing-esports-2025/,Education &amp; Youth,482,80,123,,,
87825,post,2025-07-29,Economic Impact of Esports in Malaysia 2025,https://kitamen.my/2025/07/29/the-economic-impact-of-esports-in-malaysia-2025-update/,Industry Insights,573,75,109,,,
87819,post,2025-07-29,"Malaysia Esports Career Pathways 2025: Salary, Skills",https://kitamen.my/2025/07/29/malaysia-esports-career-pathways-2025-salary-skills/,Education &amp; Youth,462,85,0,YES,,
87816,post,2025-07-29,Malaysia Esports Industry 2025: Market Size & Growth,https://kitamen.my/2025/07/29/malaysia-esports-industry-in-numbers-2025-report/,Industry Insights,540,84,123,,,
87813,post,2025-07-29,"AI, VR & PlayPods: Malaysia’s Esports Future 2025",https://kitamen.my/2025/07/29/the-role-of-ai-vr-and-playpods-in-malaysias-esports-future/,Tech &amp; Innovation,491,81,116,,,
87794,post,2025-07-29,Malaysia’s Top EA SPORTS FC / eFootball Pros 2025,https://kitamen.my/2025/07/29/malaysias-top-fifa-efootball-pros-in-2025/,Players &amp; Talent,775,81,119,,,
87791,post,2025-07-29,The Future of Esports in Malaysia: 2025 & Beyond,https://kitamen.my/2025/07/29/the-future-of-esports-in-malaysia-2025-beyond/,Esports,582,80,0,YES,,
87786,post,2025-07-29,Malaysia’s Premier Esports Venues & Innovation Hubs (2025),https://kitamen.my/2025/07/29/top-10-esports-venues-in-malaysia/,Industry Insights; Tech &amp; Innovation,594,90,0,YES,,
87783,post,2025-07-29,Esports Careers in Malaysia: Paths Beyond Gaming,https://kitamen.my/2025/07/29/esports-careers-in-malaysia-paths-beyond-gaming/,Education &amp; Youth,440,80,0,YES,,
87780,post,2025-07-29,Top Esports Tournaments in Malaysia You Shouldn’t Miss,https://kitamen.my/2025/07/29/top-esports-tournaments-in-malaysia-you-shouldnt-miss/,Industry Insights,518,86,0,YES,,
87775,post,2025-07-29,The Thriving Esports Scene in Malaysia: Meet the Power Players,https://kitamen.my/2025/07/29/the-thriving-esports-scene-in-malaysia-meet-the-power-players/,Industry Insights,632,94,0,YES,,
87680,post,2025-07-29,Top FAQs for Parents About Esports Safety & Benefits,https://kitamen.my/2025/07/29/top-faqs-for-parents-about-esports-safety-benefits-2/,Education &amp; Youth,109,84,0,YES,,YES
87674,post,2025-07-29,Top FAQs for Gamers Joining KITAMEN Tournaments,https://kitamen.my/2025/07/29/top-faqs-for-gamers-joining-kitamen-tournaments/,Community FAQs; Gamers &amp; Community,137,79,0,YES,,YES
87668,post,2025-07-29,Top FAQs for Brands & Sponsors in Malaysian Esports,https://kitamen.my/2025/07/29/how-do-sponsors-benefit-from-esports-2/,Brands &amp; Sponsors,98,87,0,YES,,YES
87662,post,2025-07-29,Top FAQs for Esports Event Organizers in Malaysia,https://kitamen.my/2025/07/29/top-faqs-for-esports-event-organizers-in-malaysia-2/,Event Management,148,81,0,YES,,YES
87656,post,2025-07-29,KITAMEN Esports FAQ,https://kitamen.my/2025/07/29/kitamen-esports-faq/,Community FAQs; Gamers &amp; Community,1007,51,0,YES,,
87653,post,2025-07-29,How to Test Esports Marketing Without a Huge Budget,https://kitamen.my/2025/07/29/how-to-test-esports-marketing-without-a-huge-budget/,Brands &amp; Sponsors,320,83,0,YES,,
87650,post,2025-07-29,How Esports Aligns with Education and National Agendas in Malaysia,https://kitamen.my/2025/07/29/how-esports-aligns-with-education-and-national-agendas-in-malaysia/,Government &amp; Institution,320,98,0,YES,,
87647,post,2025-07-29,Structured Esports Training for Communities in Malaysia,https://kitamen.my/2025/07/29/structured-esports-training-for-communities-in-malaysia/,Government &amp; Institution,306,87,0,YES,,
87644,post,2025-07-29,Economic Benefits of Hosting Esports Events in Malaysia,https://kitamen.my/2025/07/29/economic-benefits-of-hosting-esports-events-in-malaysia/,Government &amp; Institution; Media,328,87,0,YES,,
87615,post,2025-07-29,How Esports Can Be Used for Youth Development Programs in Malaysia,https://kitamen.my/2025/07/29/how-esports-can-be-used-for-youth-development-programs-in-malaysia/,Government &amp; Institution,332,98,0,YES,,
87584,post,2025-07-29,How to Train Like a Pro Gamer Without Expensive Gear,https://kitamen.my/2025/07/29/how-to-train-like-a-pro-gamer-without-expensive-gear/,Gamers &amp; Community,335,84,0,YES,,
87582,post,2025-07-29,How to Join Esports Tournaments in Malaysia Without a Team,https://kitamen.my/2025/07/29/how-to-join-esports-tournaments-in-malaysia-without-a-team/,Gamers &amp; Community,294,90,0,YES,,YES
87580,post,2025-07-29,The Benefits of Esports for Kids in Malaysia,https://kitamen.my/2025/07/29/the-benefits-of-esports-for-kids-in-malaysia/,Education &amp; Youth,344,76,0,YES,,
87578,post,2025-07-29,Beginner-Friendly Esports Programs for Teenagers in Malaysia | KITAMEN,https://kitamen.my/2025/07/29/beginner-friendly-esports-programs-for-teenagers-in-malaysia-kitamen/,Education &amp; Youth,290,102,0,YES,,YES
87576,post,2025-07-29,Is Esports Safe for My Kids in Malaysia?,https://kitamen.my/2025/07/29/is-esports-safe-for-my-kids-in-malaysia/,Education &amp; Youth,291,72,0,YES,,YES
87571,post,2025-07-29,End-to-End Esports Event Management in Malaysia: What You Need to Know,https://kitamen.my/2025/07/29/end-to-end-esports-event-management-in-malaysia-what-you-need-to-know/,Event Management,297,102,0,YES,,YES
87565,post,2025-07-29,The Cheapest Way to Run a Community Esports Event in Malaysia,https://kitamen.my/2025/07/29/the-cheapest-way-to-run-a-community-esports-event-in-malaysia/,Event Management; News,323,93,0,YES,,
87561,post,2025-07-29,The ROI of Sponsoring an Esports Tournament in Malaysia | KITAMEN,https://kitamen.my/2025/07/29/the-roi-of-sponsoring-an-esports-tournament-in-malaysia-kitamen/,Brands &amp; Sponsors; Esports,403,97,0,YES,,
87557,post,2025-07-29,How to Host a Professional Esports Tournament Without Owning Gaming PCs | KITAMEN,https://kitamen.my/2025/07/29/how-to-host-a-professional-esports-tournament-without-owning-gaming-pcs-kitamen-2/,Esports; Event Management,342,113,0,YES,,
87457,page,2023-05-10,Car / Racing Simulator Rental in Malaysia,https://kitamen.my/services/carsimulator-rental/,,1214,41,108,,,
87406,page,2023-05-09,Gaming & Entertainment Rental,https://kitamen.my/services/rental/,,853,44,115,,,
87393,page,2023-05-08,PlayPod PS5 Rental Malaysia 2025,https://kitamen.my/services/playpod-ps5-rental-malaysia-2025/,,556,64,141,,,
87367,page,2023-05-08,Our Services,https://kitamen.my/services/,,677,42,110,,,
55410,page,2021-08-02,KITAMEN,https://kitamen.my/homenew/,,392,39,111,,,
37733,page,2019-09-11,REFUND FORM,https://kitamen.my/refundform/,,1,43,0,YES,,
37731,page,2019-09-11,EVENT CANCELLATION & REFUND POLICY,https://kitamen.my/refund-policy/,,244,66,0,YES,,
37726,page,2019-09-11,PRIZE POOL CLAIM FORM,https://kitamen.my/prizeclaim/,,1,53,0,YES,,
37721,page,2019-09-10,PRIZE MONEY POLICY,https://kitamen.my/prizepolicy/,,273,50,0,YES,,
37719,page,2019-09-10,PERSONAL DATA PROTECTION STATEMENT,https://kitamen.my/pdpa/,,348,66,0,YES,,
37705,post,2019-07-23,Penang Esports Festival – FIFA 19 and PES 2019 Tournament,https://kitamen.my/2019/07/23/penang-esports-festival-fifa-19-and-pes-2019-tournament/,Esports; News,74,89,66,,,YES
37624,post,2019-07-17,KITAMEN Origin,https://kitamen.my/2019/07/17/kitamen-origin/,News,260,46,0,YES,,YES
37608,page,2019-05-29,PS4 Rental in Malaysia,https://kitamen.my/services/ps4-rental/,,1144,54,130,,,
37453,post,2019-04-16,Experience VR with KITAMEN today.,https://kitamen.my/2019/04/16/experience-vr-with-kitamen-today/,Uncategorized,87,65,93,,,YES
37152,post,2018-11-21,The Kuala Lumpur Major 2018,https://kitamen.my/2018/11/21/the-kuala-lumpur-major-2018/,Esports,2101,59,0,YES,,
5062,post,2018-05-07,Kitamen x Gogegaria Sungai Petani,https://kitamen.my/2018/05/07/kitamen-x-gogegaria-sungai-petani/,Media; News,54,65,0,YES,,YES
209,post,2017-12-13,FIFA 18 Tournament di Bangi sempena Kejohanan Futsal Foxy bawah 17,https://kitamen.my/2017/12/13/fifa-18-tournament-di-bangi-sempena-kejohanan-futsal-foxy-bawah-17/,Esports,81,98,0,YES,,YES
199,post,2017-12-13,Kitamen Sungai Petani PES 2v2 Northern Qualifyers,https://kitamen.my/2017/12/13/199/,Esports,49,81,0,YES,,YES
189,post,2017-12-13,Kitamen Shah Alam Sponsoring Roku Esports Team,https://kitamen.my/2017/12/13/kitamen-shah-alam-sponsoring-roku-esports-team/,Esports; News,73,78,0,YES,,YES
186,post,2017-12-13,Kitamen Alor Setar Menutup Operasi berkuat Kuasa Hari Ini,https://kitamen.my/2017/12/13/kitamen-alor-setar-menutup-operasi-berkuat-kuasa-hari-ini/,News,88,89,0,YES,,YES
177,post,2017-12-04,FIFA 18 Tournament Kolej Universiti Insaniah,https://kitamen.my/2017/12/04/fifa-18-tournament-kolej-universiti-insaniah/,Esports,19,76,0,YES,,YES
173,post,2017-12-04,Kitamen Legends Festival At The Pantheon Highlights,https://kitamen.my/2017/12/04/kitamen-legends-festival-at-the-pantheon-highlights/,Esports; Media; News,111,83,0,YES,,YES
159,post,2017-12-03,Diplomatic FIFA 18 Tournament,https://kitamen.my/2017/12/03/diplomatic-fifa-18-tournament/,Esports,189,61,0,YES,,YES
155,post,2017-12-02,Kitamen Shah Alam Weekly Fifa Tournament,https://kitamen.my/2017/12/02/kitamen-shah-alam-weekly-fifa-tournament/,Esports,220,72,0,YES,,YES
147,post,2017-12-02,PES LEAGUE 2v2 at Kitamen,https://kitamen.my/2017/12/02/pes-league-2v2-at-kitamen/,Esports,45,57,0,YES,,YES
142,post,2017-12-02,The First Kitamen Licensed Outlet,https://kitamen.my/2017/12/02/the-first-kitamen-licensed-outlet/,Media,16,65,0,YES,,YES
132,post,2017-11-30,Our COO Featured on MDEC LevelUP KL Video,https://kitamen.my/2017/11/30/our-coo-featured-on-mdec-levelup-kl-video/,Esports; Media; News,19,73,0,YES,,YES
122,post,2017-11-30,#throwback Street Fighter Tournament!,https://kitamen.my/2017/11/30/throwback-street-fighter-tournament/,Esports; Media,106,69,0,YES,,YES
1483,page,2016-08-01,404 Custom,https://kitamen.my/404-custom/,,111,42,0,YES,,
4572,page,2016-07-13,Knowledgebase,https://kitamen.my/blog/,,13482,45,0,YES,,
22514,page,2014-08-08,Contact KITAMEN,https://kitamen.my/contact/,,1540,47,0,YES,,
